id,location.lat,location.lon,name,building_type,arch_style,age,religion,image link,description,open_hours ,tags
"('way', 39514795)",10.7725301,106.69803652841517,Chợ Bến Thành,marketplace,french,1914,none,https://upload.wikimedia.org/wikipedia/commons/f/f5/Ben_Thanh%2C_Ciudad_Ho_Chi_Minh%2C_Vietnam%2C_2013-08-14%2C_DD_01.JPG,,,
"('way', 152990635)",10.758108,106.67218157807716,Chợ An Đông,marketplace,modernism,1954,none,https://upload.wikimedia.org/wikipedia/commons/thumb/0/00/An_Dong_market.jpg/2560px-An_Dong_market.jpg,,,
"('relation', 2552505)",10.7492965,106.65072796223046,Chợ Bình Tây,marketplace,"east_asia, french",1930,none,https://upload.wikimedia.org/wikipedia/commons/thumb/b/bf/Vn-hcm-cho-binh-tay-27-07-07.JPG/330px-Vn-hcm-cho-binh-tay-27-07-07.JPG,,,
"('way', 39598471)",10.78989975,106.69005125000001,Chợ Tân Định,marketplace,french,1927,none,https://thanhnien.mediacdn.vn/uploaded/vuphuong/2017_02_28/9_GJYA.jpg?width=500&fbclid=IwY2xjawOQAo9leHRuA2FlbQIxMABicmlkETFWSGNjeHE0QnB5R2JLTml1c3J0YwZhcHBfaWQQMjIyMDM5MTc4ODIwMDg5MgABHn_35m0K07ZpJlDhi-MDxBd4FuSyF2diMAp2pkl5lqYxr4Q-XTD0XsGpRrAt_aem_LyF9WsBsrE1nkXigRZqy_w,,,
"('way', 292075521)",10.801874649999998,106.69876009417646,Chợ Bà Chiểu,marketplace,modernism,1947,none,https://www.vietnamairlines.com/~/media/SEO-images/2025%20SEO/Thay%20Anh%20Traffic%20Tieng%20Viet/cho%20ba%20chieu/khung-canh-cho-ba-chieu-ban-ngay.jpeg,,,
"('way', 498042948)",10.9398453,106.7652497,Chợ Tân Bình,marketplace,modernism,1960,none,https://mia.vn/media/uploads/blog-du-lich/kinh-nghiem-di-cho-tan-binh-04-1720881148.jpg,,,
"('way', 79345731)",10.7635238,106.70610328026285,Chợ Xóm Chiếu,marketplace,modernism,,none,https://mia.vn/media/uploads/blog-du-lich/cho-xom-chieu-01-1700093635.jpeg,,,
"('way', 499426667)",10.8502385,106.75419735,Chợ Thủ Đức,marketplace,modernism,2003,none,https://upload.wikimedia.org/wikipedia/commons/1/15/Ch%E1%BB%A3_Th%E1%BB%A7_%C4%90%E1%BB%A9c.jpg,,,
"('way', 663397402)",10.78396255,106.68889980443488,Nhà thiếu nhi TPHCM,community_centre,contemporary,1975,none,https://nhathieunhitphcm.com.vn/images/ntntphcm/gioithieu/ntntp_01.jpg,,,
"('relation', 2531662)",10.77570965,106.69789613549067,Tòa án Nhân dân TPHCM,courthouse,"baroque, roccoco",1885,none,"https://blogger.googleusercontent.com/img/b/R29vZ2xl/AVvXsEhS4Lp_3nCl136J-sAnpMPD61811Z3WMPRITnNziB57yWUPwkSODuoL6yAzHzgr-HqHRnCOgcD9yyM0NhTXD-TUVMMtoyB6-me4SJFGt-3nHWNVkAGSUkii5BxCAWc4Dc2ZT2VX-Om_E1TlsteNA2sxzelRwYsL4CbHr5JgSWKFTyrq-gmdbzSL1mON/s2592/T%C3%B2a_%C3%A1n_Nh%C3%A2n_d%C3%A2n_tp_Ho_Chi_minh,_vietnam_-_panoramio.jpg",,,
"('way', 193092896)",10.786105899999999,106.68887239223955,Viện Pasteur TPHCM,hospital,french,1891,none,https://prod-cdn.pharmacity.io/blog/vien-pasteur-tp-hcm.png?X-Amz-Content-Sha256=UNSIGNED-PAYLOAD&X-Amz-Algorithm=AWS4-HMAC-SHA256&X-Amz-Credential=AKIAUYXZVMJMURHIYJSN%2F20240424%2Fap-southeast-1%2Fs3%2Faws4_request&X-Amz-Date=20240424T035237Z&X-Amz-SignedHeaders=host&X-Amz-Expires=600&X-Amz-Signature=fb131269bdfb17a497669c04a5becd3f8b22ff8d06841934ca77a257b969a817,,,
"('way', 225209455)",10.77866115,106.684936728687,Bệnh viện Mắt TPHCM,hospital,french,1978,none,https://toplist.vn/images/800px/benh-vien-mat-tp-hcm-982746.jpg,,,
"('way', 375544508)",10.7729754,106.66707394464697,Viện Tim Thành phố Hồ Chí Minh,hospital,modernism,1991,none,https://cmi-vietnam.com/wp-content/uploads/2021/06/Entree-de-lextention-de-lInstitut-du-Coeur-Copie.jpg,,,
"('way', 189067543)",10.754120799999999,106.67210278036669,Bệnh viện An Bình,hospital,modernism,2001,none,https://benhvienanbinh.vn/wp-content/uploads/2024/05/BENH-VIEN-2024.jpg,,,
"('way', 262966609)",10.781372600000001,106.69030196537784,Nhà Tang lễ TPHCM (Lê Quý Đôn),mortuary,modernism,,none,https://wikihoavien.vn/wp-content/uploads/2025/03/nha-tang-le-thanh-pho-ho-chi-minh-1.jpg,,,
"('way', 1309894124)",10.71877965,106.60270207429869,Nhà Tang lễ TPHCM,mortuary,"vietnamese, contemporary",2002,none,https://th.bing.com/th/id/R.9e48ce14b4e354e0ab7413ce55ffe91c?rik=iPYS%2b3nXpmkXQg&riu=http%3a%2f%2fnhatanglethanhpho.org.vn%2fImgPro%2fAdmin_26112023162940386.jpg&ehk=6%2bqQlMFeIPs8uYQlJPzChbTjXm7Gqw1QC5XKePFfDxI%3d&risl=&pid=ImgRaw&r=0,,,
,10.754092068007300,10.667034779178000,Nhà tang lễ Bệnh Viện Nguyễn Tri Phương,mortuary,"chinese, modernism",1963,none,https://maitangthanhbinh.com/wp-content/uploads/2025/03/nha-tang-le-8.jpg,,,
"('way', 1086980078)",10.756952649999999,106.67488070241279,Từ đường Phúc Kiến,place_of_worship,chinese,1887,taoist,https://quan5xinchao.vn/wp-content/uploads/2024/09/Tu-duong-Phuoc-Kien.jpg,,,
"('node', 2068659849)",10.7525739,106.6617227,Hội quán Tam Sơn,place_of_worship,chinese,1796,chinese_folk,https://lh3.googleusercontent.com/gps-cs-s/AG0ilSxPre8Ijml2-AIJzp-C9jO6OotRGwO4PEGrNifIVtzZRW3kK3kfDkno-7bOOsJ6wo8pMjWipe-YEO2Td24tCHmtyvc-R3P9vX86tDgb_wtIA4u9kvJHPfLAzXQBIVfw9EdKrzHx=s1360-w1360-h1020-rw,,,
"('node', 6315672802)",10.7523593,106.6633235,Hội quán Quỳnh Phủ,place_of_worship,chinese,1824,chinese_folk,https://lh3.googleusercontent.com/gps-cs-s/AG0ilSzWtWbSMAetA7kF5OlJCmljn1vIbE_70RunGZDwSRAsn86m8ftxT5uAJWUNMwq24Lntk_Zbja-jYgauMB2MCKE79ge5dahFmy2IXRsbiydWz2PNywWnSqbwv-RbaCre7ak1OnnTVabHE8DS=s1360-w1360-h1020-rw,,,
"('way', 420287578)",10.749372300000001,106.65438745,Hội quán Nghĩa Nhuận,place_of_worship,chinese,1872,taoist,https://upload.wikimedia.org/wikipedia/commons/thumb/9/98/H%E1%BB%99i_qu%C3%A1n_Ngh%C4%A9a_Nhu%E1%BA%ADn.jpg/1280px-H%E1%BB%99i_qu%C3%A1n_Ngh%C4%A9a_Nhu%E1%BA%ADn.jpg,,,
"('way', 669863010)",10.754999,106.65886616964661,Hội quán Phước An,place_of_worship,chinese,1865,buddhist,https://upload.wikimedia.org/wikipedia/commons/thumb/7/74/Phuoc_An_Hoi_Quan_Pagoda_%2810018160114%29.jpg/2560px-Phuoc_An_Hoi_Quan_Pagoda_%2810018160114%29.jpg,,,
"('way', 807297567)",10.7652591,106.69893957443439,Hội quán Quảng Triệu,place_of_worship,chinese,1887,taoist,https://lh3.googleusercontent.com/gps-cs-s/AG0ilSxo7whLAf2iTO0dCBw1nMeFzE5iCAOAnS6OzOWTlpkbyx2dhzDO-Pyb6gz9v8QRMEiZDbi51C4ZJn9ogGXxxDsHzs3L2qptFMbhpUDkOp-dKSfXRd8z36M-mM24KY40Drk4RCaDpg=s1360-w1360-h1020-rw,,,
"('way', 1313432468)",10.88861925,106.59542215355,Long Thái Hội Quán - Quan Đế Miếu,place_of_worship,chinese,,chinese_folk,"https://www.google.com/maps/place/%E9%9A%86%E6%B3%B0%E6%9C%83%E9%A4%A8-+%E9%97%9C%E5%B8%9D%E5%BB%9F-+Long+Th%C3%A1i+H%E1%BB%99i+Qu%C3%A1n-+Quan+%C4%90%E1%BA%BF+Mi%E1%BA%BFu/@10.888622,106.5954738,3a,75y,90t/data=!3m8!1e2!3m6!1sCIHM0ogKEICAgICKmLXxJg!2e10!3e12!6shttps:%2F%2Flh3.googleusercontent.com%2Fgps-cs-s%2FAG0ilSw8yu9X3sfsZzEPgVxWl_JYUcAAP5fHsPDLVmjTKU3RnmvQa8rXxJuh5RrYk4sab40loY8WLC3svwOsQeI_eTYpEkJ4fYvWqZfXCz3tQkp4FX5Yd5iQ4HQnvwe9TEC0kWaXCT1r%3Dw114-h86-k-no!7i4000!8i3000!4m7!3m6!1s0x3174d58f3ecfd455:0xdcf6a3580ab57065!8m2!3d10.888622!4d106.5954738!10e5!16s%2Fg%2F1tftz0yz?entry=ttu&g_ep=EgoyMDI1MTExNy4wIKXMDSoASAFQAw%3D%3D#",,,
"('way', 366664391)",10.75359045,106.66118329809879,Hội quán Tuệ Thành,place_of_worship,chinese,1760,chinese_folk,https://upload.wikimedia.org/wikipedia/commons/thumb/1/1b/Nghia_An_Hoi_Quan_Pagoda_%2810018256906%29.jpg/2560px-Nghia_An_Hoi_Quan_Pagoda_%2810018256906%29.jpg,,,
"('way', 419478162)",10.753189800000001,106.65795205,Hội quán Hà Chương,place_of_worship,chinese,1809,chinese_folk,https://upload.wikimedia.org/wikipedia/commons/thumb/e/e2/H%E1%BB%99i_qu%C3%A1n_H%C3%A0_Ch%C6%B0%C6%A1ng.jpg/1280px-H%E1%BB%99i_qu%C3%A1n_H%C3%A0_Ch%C6%B0%C6%A1ng.jpg,,,
"('way', 419478163)",10.75354585,106.66213327953938,Hội quán Nghĩa An,place_of_worship,chinese,1820,chinese_folk,https://lh3.googleusercontent.com/gps-cs-s/AG0ilSx5x7LgIsPe4f02UFBJwxLtnV3D0cWVPgdNz1gDt8KtaWhzA1rCyACC-Fialsn43spFC_OwXTNl3vD84Hugw19lEDDcOgpamxD3jkAnrJ1xK2rBk07f7w_YEoM_JjWiCr1igvELaQ=w408-h306-k-no,,,
"('way', 666569008)",10.751558450000001,106.65727598821749,Hội quán Nhị Phủ,place_of_worship,chinese,1730,chinese_folk,https://quan5xinchao.vn/wp-content/uploads/2024/09/anh-nhi-phu-1536x1024.jpg,,,
"('way', 1041069083)",10.824834150000001,106.68543745280135,Hội quán Quần Tân,place_of_worship,chinese,1870,chinese_folk,https://blogger.googleusercontent.com/img/b/R29vZ2xl/AVvXsEgdfjBjrVhVdRgw6u1nCcKDCpI-3OSHr4LsMJoj7oOTABtqgtn5ulug-N-ZBReU_o4DoD6FkHs6Z6XvYjG9af8nNO8Fdf4Z09pQGqWFN6szHTqFnLm_i2NotYX40BT7t0h_5xyiE_fjzfiT/s1600/IMG_5591.jpg,,,
"('node', 4813074210)",10.7183837,106.6236992,Hội quán Sùng Chính,place_of_worship,chinese,,chinese_folk,https://lh3.googleusercontent.com/gps-cs-s/AG0ilSze75M4R1tSyc6rfyv1HZnTn07671_KT_IJyzCB_e-wf9BvSFYysoF8XPdlCmd51sfWrDWo9u6tKqjXGyIzwHj4J5_L5S5wEbIujbW0xRQ26J9Mb2x5sXXAw8Ksbawkjg61hr-jGw=s1360-w1360-h1020-rw,,,
"('way', 1353063048)",10.75217375,106.65517539196857,Lệ Châu Hội Quán,place_of_worship,chinese,1892,chinese_folk,https://upload.wikimedia.org/wikipedia/commons/thumb/9/94/L%E1%BB%87_Ch%C3%A2u_h%E1%BB%99i_qu%C3%A1n.jpg/1280px-L%E1%BB%87_Ch%C3%A2u_h%E1%BB%99i_qu%C3%A1n.jpg,,,
"('node', 2676925717)",10.7736968,106.6941856,Miếu Năm Bà Ngũ Hành Tao Đàn,place_of_worship,chinese,,chinese_folk,https://lh3.googleusercontent.com/gps-cs-s/AG0ilSzOqwPqiCmtR7FJEK2w3wsUe8egNF_IicSb2vr8hAiAQGXd3Ozs-hN96MvJGmkcJcXYd-_D5508OIcmJ5H93yrVabTFlA33dXJAmIHhh6ruEqRh5VrSeXa5IP3ivapgum_gXVgh=s1360-w1360-h1020-rw,,,
"('way', 198123915)",10.784415899999999,106.70504214208285,Đại chủng viện thánh Giuse,institution,french,1866,christian,https://upload.wikimedia.org/wikipedia/commons/thumb/0/0f/Nh%C3%A0_nguy%E1%BB%87n_trong_%C4%90%E1%BA%A1i_ch%E1%BB%A7ng_vi%E1%BB%87n.JPG/1280px-Nh%C3%A0_nguy%E1%BB%87n_trong_%C4%90%E1%BA%A1i_ch%E1%BB%A7ng_vi%E1%BB%87n.JPG,,,
"('node', 4187322590)",10.7556868,106.6815644,Lăng Trương Vĩnh Ký,tomb,"french, east_asia",1886,christian,https://i1-vnexpress.vnecdn.net/2020/06/23/mo-truong-vinh-ky-7-1592921317.jpg?w=1200&h=0&q=100&dpr=1&fit=crop&s=4Rta_Jwa3ljwyvHk8P2mEA,,,
"('way', 39619627)",10.7570069,106.66739232264311,Nhà thờ Thánh Jeanne d'Arc,place_of_worship,romanesque,1928,christian,https://lh3.googleusercontent.com/gps-cs-s/AG0ilSwAwdlhKz_kAdZAKvhyCsqMcQiR-m1MourRFvXX3IrZEYoR2jZC4afDN7N0yZyToQLeyratPApRIODDPdMRAzlbbp980MxcauY4j0jKjG3N_wzrTOIe8tZwE_EljmIXrxfX2Nan=s1360-w1360-h1020-rw,,,
"('way', 39619657)",10.757335000000001,106.6817269105739,Nhà thờ Chợ Quán,place_of_worship,french,1896,christian,https://upload.wikimedia.org/wikipedia/commons/thumb/8/81/Nh%C3%A0_th%E1%BB%9D_Th%C3%A1nh_T%C3%A2m_Ch%C3%BAa_Gi%C3%AAsu%2C_Th%C3%A0nh_ph%E1%BB%91_H%E1%BB%93_Ch%C3%AD_Minh.jpg/500px-Nh%C3%A0_th%E1%BB%9D_Th%C3%A1nh_T%C3%A2m_Ch%C3%BAa_Gi%C3%AAsu%2C_Th%C3%A0nh_ph%E1%BB%91_H%E1%BB%93_Ch%C3%AD_Minh.jpg,,,
"('way', 60118189)",10.78835975,106.69064176486911,Nhà thờ Tân Định,place_of_worship,"romanesque, gothic, renaissance",1876,christian,https://upload.wikimedia.org/wikipedia/commons/thumb/1/11/T%C3%A2n_%C4%90%E1%BB%8Bnh_Church_20190922.jpg/960px-T%C3%A2n_%C4%90%E1%BB%8Bnh_Church_20190922.jpg,,,
"('way', 60118190)",10.80315705,106.68494786130157,Nhà thờ Phú Hạnh,place_of_worship,modernism,1975,christian,https://giothanhle.net/wp-content/uploads/2016/10/nha-tho-phu-hanh-2.jpg,,,
"('way', 166344439)",10.7622813,106.69839646791394,Nhà thờ Vĩnh Hội,place_of_worship,"east_asia, french",1875,christian,https://lh3.googleusercontent.com/gps-cs-s/AG0ilSx9ExMzUbtsOPmFJBRGUiGf3pKpVBXzjQw9CVQ_Gw3ph01UP0zPpOMqa88rSYoeBY2aK32r1jX9aokjYtOMzvvrBEhtuQdrrimpyYlguYuOZ3ySyRtzgwqgmObfrqWyjbyGkLs=s1360-w1360-h1020-rw,,,
"('way', 801950766)",10.779768650000001,106.69904266265823,Nhà thờ Đức Bà Sài Gòn,"place_of_worship, heritage",neo-romanesque,1880,christian,https://upload.wikimedia.org/wikipedia/commons/d/d7/Bas%C3%ADlica_de_Nuestra_Se%C3%B1ora%2C_Ciudad_Ho_Chi_Minh%2C_Vietnam%2C_2013-08-14%2C_DD_03.JPG,,,
"('node', 9584599327)",10.7498056,106.6737054,Giáo xứ An Bình,place_of_worship,"chinese, modernism",1969,christian,https://giothanhle.net/wp-content/uploads/2023/07/anbinh_1.jpg,,,
"('way', 907280822)",10.768614,106.688957,Giáo xứ Chợ Đũi - Nhà thờ Huyện Sĩ,place_of_worship,gothic,1859,christian,https://upload.wikimedia.org/wikipedia/commons/thumb/b/b1/Nh%C3%A0_th%E1%BB%9D_huy%E1%BB%87n_S%E1%BB%B9_%E1%BB%9F_HCM.jpg/250px-Nh%C3%A0_th%E1%BB%9D_huy%E1%BB%87n_S%E1%BB%B9_%E1%BB%9F_HCM.jpg,,,
"('way', 327969756)",10.78623145,106.7010351206109,Nhà thờ Mạc Ty Nho,place_of_worship,"modernism, french",1961,christian,https://encrypted-tbn0.gstatic.com/images?q=tbn:ANd9GcSPEM9LdigtOt3IycJDqhz3SVA-BSxFDLwl9A&s,,,
"('way', 366664392)",10.7519741,106.6536926941934,Nhà thờ Cha Tam,place_of_worship,"gothic, east_asia",1900,christian,https://upload.wikimedia.org/wikipedia/commons/thumb/5/5c/Ph%C6%B0%E1%BB%9Dng_14%2C_Qu%E1%BA%ADn_5%2C_TPHCM%2C_Vietnam_-_panoramio_%287%29.jpg/250px-Ph%C6%B0%E1%BB%9Dng_14%2C_Qu%E1%BA%ADn_5%2C_TPHCM%2C_Vietnam_-_panoramio_%287%29.jpg,,,
"('way', 330305509)",10.77123845,106.66620458529727,Nhà thờ Đồng Tiến,place_of_worship,"modernism, french",1965,christian,https://giothanhle.net/wp-content/uploads/2016/10/nha-tho-dong-tien-15.jpg,,,
"('way', 371278740)",10.7938295,106.6694208945269,Nhà thờ Đa Minh - Ba Chuông,place_of_worship,"east_asia, french",1962,christian,https://cdn.xanhsm.com/2024/11/5fa5d827-nha-tho-da-minh-ba-chuong-2.jpg,,,
"('way', 1042849147)",10.789571299999999,106.70030639146191,Nhà Thờ Phanxicô Đa Kao,place_of_worship,"modernism, french",1973,christian,https://lh3.googleusercontent.com/p/AF1QipMlc6qk3O-rdPEkEH7VmjsmTtgpSfWwn3lvOamV=s1360-w1360-h1020-rw,,,
"('way', 1156119270)",10.779788499999999,106.69071494386465,Tòa Tổng Giám mục Sài Gòn,place_of_worship,french,1960,christian,https://upload.wikimedia.org/wikipedia/vi/thumb/3/31/T%C3%B2a_T%E1%BB%95ng_gi%C3%A1m_m%E1%BB%A5c_Th%C3%A0nh_ph%E1%BB%91_H%E1%BB%93_Ch%C3%AD_Minh.jpg/2560px-T%C3%B2a_T%E1%BB%95ng_gi%C3%A1m_m%E1%BB%A5c_Th%C3%A0nh_ph%E1%BB%91_H%E1%BB%93_Ch%C3%AD_Minh.jpg,,,
"('way', 198123915)",10.784415899999999,106.70504214208285,Trung tâm Mục vụ Tổng giáo phận Sài Gòn,place_of_worship,french,,christian,https://lh3.googleusercontent.com/gps-cs-s/AG0ilSy4G2FNNpdClewG9Yw0QsbkVtu2h5IEsQP2yRdxADT3OClWTMfBiiI71Qolm05xx9hUSeiQ0BgCpva_7UDFN6jsiVYkkObpCrRQkFq3k10y01MsL-K1gs_Pu1YFjFsNftKpoA4=w408-h306-k-no,,,
"('way', 1059566394)",10.7790693,106.68363629592108,Đại học Sài Gòn cơ sở 1,institution,french,,none,https://lh3.googleusercontent.com/gps-cs-s/AG0ilSyQmnXuGVdwDFO7ByCWVsNS_9iJ0IKgR5k0I2dIrwgzz_6nCBV1RQEFOj-ZLsucxefhesj_GMwgik00S2aZG2mXqVCiiZWTExJ1JnQmwxZlHgoawKlo0oS2jVtriIyFgSOXiLvK=s1360-w1360-h1020-rw,,,
"('way', 193085693)",10.783285150000001,106.70639157867404,Đại học Sài Gòn cơ sở 2,institution,french,,none,https://lh3.googleusercontent.com/gps-cs-s/AG0ilSx5tVVzHxjva_K2InkZaKuK8blvH-3yK8JEzIQOEFCtWk5vV_Gm0rfu86EILxj-JYUpjQ-lKdsmNoR1rOUIAfVIj_QVhWEcDN1m-AcZ62JEw3DrBFm43ZzNKdJoy8zvpaQ6GLPshw=s1360-w1360-h1020-rw,,,
"('node', 5416327328)",10.7877437,106.7054618,Thảo Cầm Viên,zoo,french,1869,none,https://lh3.googleusercontent.com/gps-cs-s/AG0ilSxItAo0gmkyb2KD6AE62Z2vLba3KNKBVjIDXGp5IGRwF6OCPZ-2xXhR0S5_CGsJ-jGkDvh9dJALQq4Gystqit_6Qsyyu34JAG_pjj7Le8uZzAnndNKDqv09Dih1ut4EPEsuoHU=s1360-w1360-h1020-rw,,,
"('relation', 17758150)",10.78797185,106.7049562864172,Bảo tàng Lịch sử TPHCM,museum,indochine,1929,none,https://upload.wikimedia.org/wikipedia/commons/5/57/Vietnam_History_Museum_HCMC.JPG,,,
"('way', 804926030)",10.783164750000001,106.7043358398439,Đan viện Cát Minh,place_of_worship,french,1876,christian,https://lh3.googleusercontent.com/gps-cs-s/AG0ilSwojzbN8FKGl4m80osAzQKwJ8claWzzjnRtiXao1zwsXucrteNF4PXV3V6Q2rXVHiVhVPPSnT8j3z3LXq8Uu7vWxFMbQwoZLsjlN-zDBOey4ZxkKx8UK750n9E3hqhoAH4FwIY=s1360-w1360-h1020-rw,,,
"('way', 39514793)",10.77995565,106.6999920762309,Bưu điện trung tâm Sài Gòn,commercial,"gothic, renaissance, neo-baroque",1891,none,"
https://upload.wikimedia.org/wikipedia/commons/7/78/Ho_Chi_Minh_City%2C_Central_Post_Office%2C_2020-01_CN-01.jpg",,,
"('way',186275012)",10.783413961954844,106.69893807405496,Tổng Lãnh sự quán Pháp,government,french,2003,none,https://visana.vn/wp-content/uploads/2019/01/T%E1%BB%95ng-L%C3%A3nh-S%E1%BB%B1-Qu%C3%A1n-Ph%C3%A1p-t%E1%BA%A1i-H%E1%BB%93-Ch%C3%AD-Minh.png,,,
"('way', 140703186)",10.7625844,106.68169483128824,Đại học khoa học tự nhiên cơ sở 1,institution,"french, modernism, contemporary",,none,https://upload.wikimedia.org/wikipedia/commons/thumb/1/1a/Tr%C6%B0%E1%BB%9Dng_%C4%90%E1%BA%A1i_h%E1%BB%8Dc_Khoa_h%E1%BB%8Dc_T%E1%BB%B1_nhi%C3%AAn_-_%C4%90%E1%BA%A1i_h%E1%BB%8Dc_Qu%E1%BB%91c_gia_Th%C3%A0nh_ph%E1%BB%91_H%E1%BB%93_Ch%C3%AD_Minh.jpg/330px-Tr%C6%B0%E1%BB%9Dng_%C4%90%E1%BA%A1i_h%E1%BB%8Dc_Khoa_h%E1%BB%8Dc_T%E1%BB%B1_nhi%C3%AAn_-_%C4%90%E1%BA%A1i_h%E1%BB%8Dc_Qu%E1%BB%91c_gia_Th%C3%A0nh_ph%E1%BB%91_H%E1%BB%93_Ch%C3%AD_Minh.jpgg,,,
"('way', 1419105579)",10.87622755,106.79685246369581,Đại học khoa học tự nhiên cơ sở 2,institution,"modernism, contemporary",,none,https://xdcs.cdnchinhphu.vn/446259493575335936/2025/7/17/khtn-17527408705801486184749.jpg,,,
"('way', 802157430)",10.771652903698225,106.6993514856996,Công ty Cổ phần Vận tải Đường sắt Sài Gòn,commercial,french,1914,none,https://lh3.googleusercontent.com/gps-cs-s/AG0ilSybmHQRZEGpy0FTS_5qLu_sqfjv3fRWPWGS9GDErfQSqDJ7S96ZRbnznYUCajybvzj2dFr-1GNJY5niWo4ndmPyDKE1wIm8G1tQZqAxTudsXf0aE-IlRqSmsZx-67fb3-EN64g=w408-h306-k-no,,,
,10.770037186423554,106.69881219549565,Kuretakeso Vietnam,commercial,french,,none,https://lh3.googleusercontent.com/gps-cs-s/AG0ilSwGvU2zHwIo_Sq_UMXlDuk_fvrm-bD-gVCzvdnsjkel10GijEhRPh6DLjc-aGfb-EJvV2IoSsJXCuY2d2JfVJz4WElTYKdX3Wmrt-w_w_ZlcBUgxePjcqeHKYN5gXINsLiPR3pcLg=s1360-w1360-h1020-rw,,,
"('way', 39598469)",10.7693312,106.70362685389938,Ngân hàng Nhà nước Việt Nam - HCM,government,modernism,1929,none,https://lh3.googleusercontent.com/gps-cs-s/AG0ilSxNCoUtO6w6KH17gqtxXzCGVe58WWEGpXnjOcJ1J2slmG_dcB88TqFjKgPUEmjI5Kt6RQ0OPdgLfBAGMKNNkQxIZcyIel82hpEeU7tP9pwKJNjkPN-qcKpjVk1j8RpGeiwki-MroA=s1360-w1360-h1020-rw,,,
"('way',1162012869)",10.771208112264201,106.70587328948123,Cục hải quan TPHCM,government,french,,none,https://lh3.googleusercontent.com/gps-cs-s/AG0ilSzOa1xO4vdFRFp-exa8SX1len9YNTdh-4pFcqvoxa3ln7TcEQEFI5a2Swji2Qw1uBqVvDnhKB1hmviA_3xR6gTA9OfREJ2pzOKlbe1OUzWF2pxVcwLRRGOyb6VfBL7_nGyJrt8=w408-h544-k-no,,,
"('way', 165518958)",10.7735865,106.7016144764372,Đền Sri Thendayuthapani,place_of_worship,hindu,1936,hinduism,https://redsvn.net/wp-content/uploads/2022/06/Den-Sri-Thenday-Yutthapani-01.jpg,,,
"('way', 187949849)",10.77228505,106.69555763933496,Đền Bà Mariamman,place_of_worship,hindu,1900,hinduism,https://tiimtravel.vn/uploads/files/2023/05/21/den-Mariamman.jpg,,,
"('way', 187949838)",10.77426565,106.69994960303441,Chùa Ông Subramaniam Swany,place_of_worship,hindu,1850,hinduism,https://image.plo.vn/w1000/Uploaded/2025/vocgmvbg/2015_07_11/nhatho14_DYDG.jpg.webp,,,
"('way', 802105071)",10.7759106,106.69962141634929,Bảo tàng Thành phố Hồ Chí Minh,museum,"gothic, east_asia",,none,https://lh3.googleusercontent.com/gps-cs-s/AG0ilSz7YsuXApLVKmtH2gTWbnqmpJoucU776sj9r8tT5DoTcD2XhHMKK_b_A_-AyxR-P0K2eAagkhmx3kbowR63XUlpXZQNc0W2sEbAHxSvkbu4LPCvWM49hb7gzHRQbig0tmIly5Lu=w408-h544-k-no,,,
,10.770176756020266,106.70459695552047,Tòa nhà V.A.R,residential,modernism,1973,none,https://media.urbanistnetwork.com/urbanistvietnam/articleimages/2021/03/05/VAR/01b.jpg,,,
"('way', 802105041)",10.77513495,106.6989279073037,Thư viện Khoa học Tổng hợp TPHCM,library,modernism,1968,none,https://lh3.googleusercontent.com/p/AF1QipOdxlzSdHTYopFpCfMESMp9ES6fB11VRRbAtnTp=w408-h306-k-no,,,
"('way', 313404496)",10.79004245,106.70141784863081,Trung tâm Phát thanh VOH,commercial,modernism,1969,none,https://encrypted-tbn0.gstatic.com/images?q=tbn:ANd9GcRynYzad7BgoIvcHWf_4AwCTmB_qj3CccHJWg&s,,,
"('way', 39598493)",10.7770348,106.69548803180103,Dinh Thống nhất,government,modernism,1966,none,https://upload.wikimedia.org/wikipedia/commons/7/7d/20190923_Independence_Palace-10.jpg,,,
"('way', 198047671)",10.7911024,106.65333688126003,Bệnh viện Thống Nhất,hospital,modernism,1972,none,https://upload.wikimedia.org/wikipedia/commons/e/e0/B%E1%BB%87nh_vi%E1%BB%87n_Th%E1%BB%91ng_Nh%E1%BA%A5t.jpg,,,
"('way', 127299413)",10.80416395,106.6941426784243,Bệnh viện Nhân dân Gia Định,hospital,modernism,,none,https://lh3.googleusercontent.com/p/AF1QipOtZhHK4PKv3qy5FX5Q4N5GkeeZu1IZGzjBgRuN=s1360-w1360-h1020-rw,,,
"('way', 455098939)",10.754179749999999,106.6782670253124,Bệnh viện Chấn thương Chỉnh hình,hospital,modernism,,none,https://upload.wikimedia.org/wikipedia/commons/f/f4/Benh_vien_chan_thuong_Chinh_Hinh-ph%C6%B0%E1%BB%9Dng_1%2C_Qu%E1%BA%ADn_5%2C_TPHCM%2C_Vi%E1%BB%87t_Nam_-_panoramio.jpg,,,
"('way', 1223405327)",10.8329481,106.691232,Phù Châu miếu,place_of_worship,vietnamese,1800,vietnamese_folk,https://upload.wikimedia.org/wikipedia/commons/thumb/c/cd/M%E1%BA%B7t_ti%E1%BB%81n_Mi%E1%BA%BFu_N%E1%BB%95i.JPG/2560px-M%E1%BA%B7t_ti%E1%BB%81n_Mi%E1%BA%BFu_N%E1%BB%95i.JPG,,,
"('way', 366105826)",10.77298155,106.71044255601993,Giáo xứ Thủ Thiêm,place_of_worship,"modernism, french",,christian,https://iwater.vn/Image/Picture/Church/giao-xu-thu-thiem.jpg,,,
"('way', 140703181)",10.7637813,106.6814719336958,THPT Chuyên Lê Hồng Phong,institution,"indochine, romanesque, art_deco, east_asia",1925,none,https://cdn2.tuoitre.vn/471584752817336320/2023/6/20/truong-thpt-chuyen-le-hong-phong-1687254446423844517805.jpg?fbclid=IwY2xjawOQAHRleHRuA2FlbQIxMABicmlkETFWSGNjeHE0QnB5R2JLTml1c3J0YwZhcHBfaWQQMjIyMDM5MTc4ODIwMDg5MgABHsaoVZu5LVj6l54W7ZrnZR-sGqTwVwiXMIWypBqvAVSbXqiahIhTANXEt7gy_aem_Sas4PmRZsDH-HfMoyuT34w,,,
"('way', 469843391)",10.77967575,106.69408257887494,THPT Lê Quý Đôn,institution,"french, east_asia",1874,none,https://upload.wikimedia.org/wikipedia/commons/8/80/Instituto_Le_Quy_Don%2C_Ciudad_Ho_Chi_Minh%2C_Vietnam%2C_2013-08-14%2C_DD_01.JPG,,,
"('way', 189165793)",10.7789672,106.68724075670961,THPT Nguyễn Thị Minh Khai,institution,french,1915,none,https://upload.wikimedia.org/wikipedia/commons/f/f5/Truong_Nguyen_thi_minh_khai_q3._hcm_-_panoramio.jpg,,,
"('way', 505295904)",10.7836076,106.73773554953907,THPT Chuyên Trần Đại Nghĩa,institution,french,1960,none,https://encrypted-tbn0.gstatic.com/images?q=tbn:ANd9GcRgI-Tpsl7clagUgpEUZtTvxy6ealillxyzqQ&s,,,
"('way', 186545015)",10.78242595,106.69078227096341,THPT Marie Curie,institution,french,1918,none,https://lh3.googleusercontent.com/gps-cs-s/AG0ilSww0LvziMwBGzU3Ru1ZqCJRmqorYpAxf0hhVrZaEyJ5AikHm-iMajna8b69FfR0Lt9ZkSHgaYd6j9X-PWm5qyoMcw-bABMTaKwgWVylAVMbaQLl9MJKXNXLboANoqLIjFo9XGqXcw=s1360-w1360-h1020-rw,,,
"('way', 469844102)",10.7763399,106.69295488134875,Cung Văn hóa Lao động TPHCM,community_centre,french,1925,none,https://vienkyluc.vn/Userfiles/Upload/images/cung-van-hoa.jpg,,,
,10.775667980811878,106.68948531725087,Biệt thự Phương Nam (Quận 3),residential,french,1927,none,https://static.tuoitre.vn/tto/i/s626/2016/06/28/biet-thu-phuong-nam-jpg-1467098252.jpg,,,
"('node', 4110081290)",10.7854641,106.6819971,Chùa Chantarangsay,place_of_worship,khmer,1953,khmer,https://cms.btgcp.gov.vn/upload-img/userfiles/images/image-20231031143320-3.jpeg,,,
,10.784554827973517,106.64807013384946,chùa Pothiwong,place_of_worship,khmer,1960,khmer,https://images.baodantoc.vn/uploads/2022/Th%C3%A1ng%203/Ngay_12/Ngoc/ChuaKhmer-03.jpg,,,
"('way', 465070593)",10.7826372,106.69594642740458,Hồ Con Rùa,fountain,modernism,1969,none,https://cdn3.ivivu.com/2022/10/h%E1%BB%93-con-r%C3%B9a-ivivu-12.jpg,,,
"('way', 189008790)",10.757992699999999,106.68697389683783,Thánh đường Jamiul Islamiyah,place_of_worship,islam,,muslim,https://lh3.googleusercontent.com/gps-cs-s/AG0ilSwSYn7T5WbW6JgQ2T7ixyz56KhQTD0ddWEvEYqxKQyNFv1ERGgfnNCLu-syy0PvpDfmwVKbpJkYbj6Hd6nBt4lcmGLt03AfmA3MDiLyirZWnCuUub-hakqlL5cg2BiE7jZi4MLpwQ=w408-h272-k-no,,,
"('node', 11281119470)",10.7532405,106.6632902,Thánh đường Hồi giáo Chợ Lớn,place_of_worship,islam,1932,muslim,https://lh3.googleusercontent.com/gps-cs-s/AG0ilSyCZtqL9QGI5Lr7GnynoNqUC0Mjg1uWdMcJGzyQBmombDRTNSr1l7-WvbLBTYIi_8DqxlfUfWB7WePi1vPeWlDsKlBDnz-PXG8yNfnKUR9g2vLOu5Vu0nZOKVEAOjXZTS6qrnfIk7kXEYQ=w408-h544-k-no,,,
"('way', 802157397)",10.769991350000002,106.70129494999999,Thánh đường Al Rahim,place_of_worship,islam,1885,muslim,https://blogger.googleusercontent.com/img/b/R29vZ2xl/AVvXsEj181vLI5FGpc4aCpeWLLAlCDoNo-15SfQNDYIPo9_TCplIVh_VFwUzN8Mj8u3vAA_DcDD55yAMbGULDPf6BiBAV0Ct9JwivbtSB-DXGukodvnq1khzzNcnUP9WysWFyyMtjMOES7KkEQGw/s1600/Thanh+duong+Hoi+giao+NKKN+13.jpg,,,
"('way', 165491089)",10.7762601,106.70427117619047,Thánh đường Al Musulman,place_of_worship,islam,1935,muslim,"https://ik.imagekit.io/tvlk/blog/2023/05/go-and-share-thanh-duong-jamia-Al-musulman-1.jpg?tr=q-70,c-at_max,w-1000,h-600",,,
"('node', 1001114513)",10.7849957,106.7076753,Bảo tàng Địa chất TPHCM,museum,modernism,,none,https://redsvn.net/wp-content/uploads/2020/11/Bao-tang-Dia-chat-TPHCM-01.jpg,,,
,10.754407339789866,106.65991497405459,Hội quán Ôn Lăng,place_of_worship,chinese,1787,chinese_folk,https://statics.vinpearl.com/hoi-quan-on-lang-1_1633622801.jpg,,,
"('node',5311759821)",10.7765973, 106.6836767,Trụ sở Thorako,residential,modernism,,none,https://lh3.googleusercontent.com/gps-cs-s/AG0ilSwRGiKe4nQJx9VLREzZUcGOhSOyYB2FMpxw4VLCYef8WkyhicAQu3QQYNJcmFWb-Ai2MMwODGZrFH6O3C0ZEr579JeExDiMBCydZrD6nBbeUYT-g5m6kkfmLcA6UXdMq9G6RqVH=w408-h510-k-no,,,
"('way',421970951)",10.772730032561206,106.64585394578886,Làng nghề lồng đèn Phú Bình,marketplace,modernism,,vietnamese_folk,https://media.urbanistnetwork.com/urbanistvietnam/articleimages/2024/09/16/trungthu1h.webp,,,
"('way', 1233983136)",10.795437249999999,106.6737057,Đình Phú Nhuận,place_of_worship,vietnamese,1818,vietnamese_folk,https://media.urbanistnetwork.com/saigoneer/article-images/2023/04/12/Ky_Yen_Fesitval/k1b.jpg,,,
"('way', 289041924)",10.8020535,106.69695898327026,Lăng Tả Quân Lê Văn Duyệt,place_of_worship,vietnamese,1848,vietnamese_folk,https://lh3.googleusercontent.com/gps-cs-s/AG0ilSx3IqZYE2CnkJ0c-alBxfQe_NwIXlpuBlZZq1SqtubgFQRlW7hpUbtUUKc_S3N3uHfKcRR59qxawMVHYktQlG0tILkC683k0H49dBwuLxQx5tJ_hRZsRWhxgDDHNkOD4cneKnvt=w408-h544-k-no,,,
"('way', 802157427)",10.7698707,106.69922421706391,Bảo tàng Mỹ thuật TPHCM,museum,baroque,1934,none,https://lh3.googleusercontent.com/gps-cs-s/AG0ilSwUS3j02YJfOcptuxtU-QGGb8LM_4nMy3OdnMfrbpwPCqYn7UfQbjFP9uTzJTkLuLbdAQ93P2O8i3qZLyJNFeYGnffhO7iglLGF3zUIrWL4lnB0rcpepugy8nd9Cr30AfqVEZ5icki1Pgcc=w421-h240-k-no,,,
"('way', 187895176)",10.78149175,106.70283245524486,Bệnh viện Nhi Đồng 2,hospital,french,,none,https://prod-cdn.pharmacity.io/blog/XoebDlA2-benh-vien-nhi-dong-2-nhan-duoc-su-tin-tuong-cua-nguoi-dan-tinh-thanh-phia-nam.jpeg?X-Amz-Content-Sha256=UNSIGNED-PAYLOAD&X-Amz-Algorithm=AWS4-HMAC-SHA256&X-Amz-Credential=AKIAUYXZVMJMURHIYJSN%2F20240516%2Fap-southeast-1%2Fs3%2Faws4_request&X-Amz-Date=20240516T072907Z&X-Amz-SignedHeaders=host&X-Amz-Expires=600&X-Amz-Signature=659195c4cb452a49d933c270ba219141f9d962562b45de9b2c787019c7bbfe0a,,,
"('way', 508747836)",10.753006055647186,106.66624938385061,Hào Sỹ Phường,residential,chinese,1910,none,https://cdnphoto.dantri.com.vn/M1M-KyMcXHrYJxCQf6zeSXD9Vfk=/thumb_w/1920/2024/11/03/1-1730596785095.jpg?watermark=v1,,,
"('node',3339195238)",10.771745847388413,106.68007989498318,Chung cư Cao Thắng ,residential,modernism,1948,none,https://thanhnien.mediacdn.vn/Uploaded/2014/Pictures20123/HuynhThang/chungcu.jpg,,,
"('node',4989536221)",10.7775635,106.6878171,Tổng lãnh sự quán Nga tại TPHCM,government,modernism,1948,none,https://thoidai.com.vn/stores/news_dataimages/thuy.dangtt/112019/04/12/5832_nga.jpg,,,
"('way', 469354901)",10.7736693,106.69228079922482,Đền tưởng niệm các vua Hùng,place_of_worship,"modernism, contemporary",2009,vietnamese_folk,https://vcdn1-vnexpress.vnecdn.net/2019/04/08/denhung-17-1554729993.jpg?w=1200&h=0&q=100&dpr=1&fit=crop&s=BRVQyOj-l4kpvDg2b_ZMwQ,,,
"('way', 263505858)",10.78724235,106.70570875,Đền thờ Vua Hùng (Thảo Cầm Viên),place_of_worship,"east_asia, french",1926,vietnamese_folk,http://commons.wikimedia.org/wiki/Special:FilePath/H%C3%B9ng%20Kings%20Temple%2C%20Ho%20Chi%20Minh%20City%2C%20Vietnam%20-%20DSC06242.JPG,,,
"('node', 5001046522)",10.8000745,106.670766,Đại học Y dược TPHCM,institution,modernism,1976,none,https://i2-vnexpress.vnecdn.net/2025/06/11/f588092fb1dd02835bcc-174961416-4576-6514-1749614362.jpg?w=1200&h=0&q=100&dpr=1&fit=crop&s=XFPdXM2z1kK1eoT29SZYbg,,,
"('way', 152994269)",10.77232415,106.673828226329,Nhà hát Hòa Bình,theatre,modernism,1985,none,https://upload.wikimedia.org/wikipedia/commons/thumb/b/b4/Nh%C3%A0_h%C3%A1t_H%C3%B2a_B%C3%ACnh.JPG/1280px-Nh%C3%A0_h%C3%A1t_H%C3%B2a_B%C3%ACnh.JPG,,,
"('way', 230796620)",10.771864149999999,106.673213372784,Việt Nam Quốc Tự,pagoda,vietnamese,1964,buddhist,https://upload.wikimedia.org/wikipedia/commons/9/9a/Vi%E1%BB%87t_Nam_Qu%E1%BB%91c_T%E1%BB%B1.JPG,,,
"('way', 494789249)",10.790396600000001,106.6823772255014,Chùa Vĩnh Nghiêm,pagoda,"vietnamese, modernism",1964,buddhist,https://upload.wikimedia.org/wikipedia/commons/thumb/2/27/C%E1%BB%95ng_ch%C3%B9a_V%C4%A9nh_Nghi%C3%AAm.jpg/1280px-C%E1%BB%95ng_ch%C3%B9a_V%C4%A9nh_Nghi%C3%AAm.jpg,,,
"('way', 1221686026)",10.778262000000002,106.64921274725317,Chùa Giác Lâm,pagoda,vietnamese,1774,buddhist,https://owa.bestprice.vn/images/destinations/uploads/chua-giac-lam-60a232136c860.jpg,,,
"('way', 369668989)",10.7863781,106.68143079760961,Chùa Pháp Hoa,pagoda,vietnamese,1967,buddhist,https://upload.wikimedia.org/wikipedia/commons/thumb/b/b9/Ch%C3%B9a_Ph%C3%A1p_Hoa%2C_k%C3%AAnh_Nhi%C3%AAu_L%E1%BB%99c.JPG/960px-Ch%C3%B9a_Ph%C3%A1p_Hoa%2C_k%C3%AAnh_Nhi%C3%AAu_L%E1%BB%99c.JPG,,,
"('way', 808022726)",10.7682684,106.7068035387357,Bảo tàng Hồ Chí Minh - Chi nhánh TPHCM,museum,french,1863,none,https://upload.wikimedia.org/wikipedia/commons/c/c0/Ho_Chi_Minh_Museum%2C_Saigon.jpg,,,
"('node', 9584833480)",10.7920155,106.6981151,Điện Ngọc Hoàng,place_of_worship,chinese,1900,buddhist,https://upload.wikimedia.org/wikipedia/commons/thumb/4/4c/Ph%C6%B0%E1%BB%9Bc_H%E1%BA%A3i_T%E1%BB%B1.jpg/1280px-Ph%C6%B0%E1%BB%9Bc_H%E1%BA%A3i_T%E1%BB%B1.jpg,,,
"('way', 801710792)",10.77674365,106.70324880088602,Nhà hát TPHCM,theatre,"flamboyant, gothic, beaux_arts, art_deco",1900,none,https://upload.wikimedia.org/wikipedia/commons/9/98/Municipal_Theatre_of_Ho_Chi_Minh_City%2C_2023_%2801%29.jpg,,,
"('node', 4131688091)",10.7522126,106.6612821,Minh Hương Gia Thạnh Hội Quán,place_of_worship,chinese,1789,chinese_folk,https://upload.wikimedia.org/wikipedia/commons/thumb/c/c2/%C4%90%C3%ACnh_Minh_H%C6%B0%C6%A1ng_Gia_Th%E1%BA%A1nh.jpg/1280px-%C4%90%C3%ACnh_Minh_H%C6%B0%C6%A1ng_Gia_Th%E1%BA%A1nh.jpg,,,
"('way', 33103437)",10.72792725,106.64147178553553,Đình Bình Đông,place_of_worship,vietnamese,1853,vietnamese_folk,https://vcdn1-vnexpress.vnecdn.net/2019/05/07/dinhbinhdong-13-1557214495.jpg?w=460&h=0&q=100&dpr=2&fit=crop&s=rsED4lBYe4v_-xLRG6DxGg,,,
"('way', 604897393)",10.74532455,106.66024250025396,Đình Phong Phú,place_of_worship,vietnamese,1880,vietnamese_folk,https://i0.wp.com/ttvhtpthuduc.vn/wp-content/uploads/2021/10/%C4%91%C3%ACnh-pp-3.jpg?w=640&ssl=1,,,
"('way', 1043365165)",10.78138535,106.67306815948407,Đình Chí Hoà,place_of_worship,vietnamese,1698,vietnamese_folk,https://kyucsaigon.vn/wp-content/uploads/2023/04/4_DSC_9035_2-1600x1200-copy.jpg,,,
"('node', 9593946654)",10.87092,106.8398758,Chùa Hội Sơn,pagoda,,1600,buddhist,https://cdn.xanhsm.com/2024/11/16373662-chua-hoi-son-2.jpg,,,
"('way', 499420815)",10.949511399999999,106.69344411010947,Chùa Phước Tường,pagoda,,1741,buddhist,https://images2.thanhnien.vn/528068263637045248/2025/5/17/anh-1-cong-vao-chua-phuoc-tuong-anh-lan-chi-1747475846546139426700.jpg,,,
"('way', 460757143)",10.76298405,106.63920142815277,Chùa Giác Viên,pagoda,,1850,buddhist,https://lh7-rt.googleusercontent.com/docsz/AD_4nXfYyrCqGjiRM-XoYCyfTe4S7SqrvoedYEcO1M87EZ4Pf4ZTKvaD7RIb2vHQ-OpDBiVEomtHKC2BG6v2sCoizZfpySUQBUmox2iSggVmHzzHSu2hPAmwDc2bT6SPCzIWrmSt06kH?key=pC5OSisM5YlrAwgeALQOqsSD,,,
"('way', 604803367)",10.8117038,106.69643920071482,Đình Bình Hòa,place_of_worship,,1800,vietnamese_folk,https://upload.wikimedia.org/wikipedia/commons/thumb/1/13/%C4%90%C3%ACnh_B%C3%ACnh_H%C3%B2a.jpg/1280px-%C4%90%C3%ACnh_B%C3%ACnh_H%C3%B2a.jpg,,,
"('way', 1185443921)",10.839984600000001,106.66478939999999,Đình Thông Tây Hội,place_of_worship,,1679,vietnamese_folk,https://image.plo.vn/w1000/Uploaded/2025/ofhtamzstuqg/2024_04_15/dinh-thong-tay-hoi-3-1293.jpg.webp,,,
"('node', 4131719809)",10.8264549,106.6802373,Chùa sắc tứ Trường Thọ,place_of_worship,,1700,buddhist,https://storage-phatsuonline.sgp1.digitaloceanspaces.com/files/2020/03/New-shortcut.lnk_.jpg,,,
"('way', 1216969607)",10.7958162,106.6828762477918,Lăng Võ Di Nguy,place_of_worship,,,vietnamese_folk,https://i1-vnexpress.vnecdn.net/2021/03/18/4edd66e9b25c4102184d-1616033208.jpg?w=1200&h=0&q=100&dpr=1&fit=crop&s=9CgqEYbv0WJ2vwl_Q1jnHg,,,
"('node', 4131745689)",10.7964412,106.6757181,Lăng Trương Tấn Bửu,place_of_worship,vietnamese,1827,vietnamese_folk,https://i1-vnexpress.vnecdn.net/2025/09/03/fb7e68715a06d1588817-175654052-7454-9304-1756915988.jpg?w=1020&h=0&q=100&dpr=1&fit=crop&s=MeB-7C-sv0OJvnfwo6_Vsg,,,
"('way', 604440778)","10.8336745
",106.75674424624174,Đình Trường Thọ,place_of_worship,,1800,vietnamese_folk,https://encrypted-tbn0.gstatic.com/images?q=tbn:ANd9GcQ4IJowGfwjcqmutKnxFa34ZWc6mwbxt32L4g&s,,,
"('way', 1359554201)",10.877851,106.76536922271973,Đình Xuân Hiệp,place_of_worship,,1934,vietnamese_folk,https://i0.wp.com/ttvhtpthuduc.vn/wp-content/uploads/2022/02/%C4%90%C3%ACnh-Th%E1%BA%A7n-Xu%C3%A2n-Hi%C3%AAp.jpg?resize=1024%2C761&ssl=1,,,
"('way', 421970999)",10.773305650000001,106.6493865,Đình Tân Phước,place_of_worship,,,vietnamese_folk,https://i0.wp.com/ttvhtpthuduc.vn/wp-content/uploads/2022/02/%C4%90%C3%ACnh-Th%E1%BA%A7n-Xu%C3%A2n-Hi%C3%AAp.jpg?resize=1024%2C761&ssl=1,,,
"('way', 805287595)",10.768916749999999,106.69560556449031,Trường THPT Ernst Thälmann,institution,,1950,none,https://lh3.googleusercontent.com/gps-cs-s/AG0ilSylVpk9ap60sCLKuoOl6-Sk_fhR7T-a6kWOn_zE3as2ophWFLZea2zKfqWgdotxGN39ZtLluhk8M39P09myKEqzzLQqpHtwe1Tr5LEhuVszAzqe0FNan3nyp9LnScumQ0B82Q4=s1360-w1360-h1020-rw,,,
,10.753461476958297,106.65280111725015,Đền thờ họ Trương ,place_of_worship,,,chinese_folk,https://lh3.googleusercontent.com/gps-cs-s/AG0ilSwMkZ80hXQbqZOQQzmCO9hDJCL_EyOzGRNUmKDiank7WZ_0fb5fHIE0mtSA_6ZNZ6w-gBZAecnQg4MWJVFsyT3Z03Gs9SzSLkNkJpC9sVnsAJaibgeoRCkEHFLmTXU5eiFVY4x3UA=s1360-w1360-h1020-rw,,,
"('way', 604791534)",10.77636545,106.77986972615025 ,Công viên khu mộ cổ Gò Quéo,park,,1819,none,https://cdn2.tuoitre.vn/thumb_w/730/471584752817336320/2025/9/12/20250912155729-17576813762981601233631.jpg,,,
"('way', 730144831)",10.86473235,106.8373555,Đình Thần Long Bình,place_of_worship,vietnamese,,vietnamese_folk,https://encrypted-tbn0.gstatic.com/images?q=tbn:ANd9GcSAD2NYJAhQtt20GTYdjskRyEjlR8BRS8d-pA&s,,,
"('way', 832342508)",10.8448285,106.83064925183814,Đình Thần Long Hòa,place_of_worship,vietnamese,,vietnamese_folk,https://lh3.googleusercontent.com/gps-cs-s/AG0ilSx7f3MQtxP51sUzlAaTfpzrcDC-KdKVYjSsl-7_VCZS7Jod3oqptyJ6y_JBxFDv0DJPe3X6-K6oHVaC1itGN-F_LqbJMbEjaHH5-OUS35nwIax33OCuPO83Y4XwCGHs4EPefPqL=s1360-w1360-h1020-rw,,,
"('way', 1154556140)",10.7756529,106.71070751659494,Đình Thần An Khánh,place_of_worship,vietnamese,1650,vietnamese_folk,https://cdn2.tuoitre.vn/thumb_w/1100/471584752817336320/2023/5/4/base64-16831973908311976930857.png,,,
"('node', 4110078089)",10.7762825,106.6719677,Bảo tàng Y học cổ truyền Việt Nam,museum,vietnamese,2003,none,https://images2.thanhnien.vn/528068263637045248/2025/4/2/17905657-17435696078291749247869.jpeg,,,
"('way', 198123907)",10.7853513,106.70645932105377,Trường THPT Trưng Vương,institution,,1957,none,https://cdn2.tuoitre.vn/thumb_w/640/471584752817336320/2023/8/26/img3121-16929856947721495532974.jpeg,,,
"('way', 692383431)",10.33162115,107.07503879482532,Đền thờ Đức Thánh Trần Hưng Đạo,place_of_worship,vietnamese,1932,vietnamese_folk,https://upload.wikimedia.org/wikipedia/commons/thumb/3/36/Tran_Hung_Dao_Temple_%289981911814%29.jpg/1280px-Tran_Hung_Dao_Temple_%289981911814%29.jpg,,,
"('way', 35115148)",10.78363467396026,106.67485356183425,"Mộ ông Binh Bộ Kiểm duyệt Ty, Thừa vụ lang họ Trần",place_of_worship,vietnamese,1857,vietnamese_folk,https://i1-vnexpress.vnecdn.net/2024/12/11/z6119795296017-e04710e37208864-6105-7125-1733907740.jpg?w=1020&h=0&q=100&dpr=1&fit=crop&s=GHEAvyAD8h2oB8MRsIvNvg,,,
"('node', 11412869313)",10.8042742,106.6619504,Khu lưu niệm mộ cụ Phan Châu Trinh,place_of_worship,,1930,vietnamese_folk,https://i1-vnexpress.vnecdn.net/2020/07/15/CG2A8343-2-1594814710.jpg?w=1200&h=0&q=100&dpr=2&fit=crop&s=RCuSH2oK4Zhn65vH1cvOKA,,,
,10.799499081453934,106.63862468165155,Miếu Tân Kỳ - Miếu Ông Bổn,place_of_worship,,1815,"vietnamese_folk, chinese_folk",https://vegiang.com/images/Cong-mieu-Ong-Bon.jpg,,,
"('way', 197995330)",10.8052466,106.66058518111429,Bảo tàng Không quân phía Nam,museum,contemporary,1995,none,https://images2.thanhnien.vn/528068263637045248/2025/4/2/img7579-17435963847351400842864.jpeg,,,
"('relation',17583697)",10.801106821914843,"106.66523318280645
",Công viên Hoàng Văn Thụ,park,contemporary,1989,none,https://upload.wikimedia.org/wikipedia/commons/thumb/4/44/Hoang_Van_Thu_Park.jpg/1280px-Hoang_Van_Thu_Park.jpg,,,
"('way', 614636407)",10.69837465,106.73501148017641,Đình Phú Xuân Nhà Bè,place_of_worship,vietnamese,1800,vietnamese_folk,https://iwater.vn/Image/Picture/New/333/dinh_phu_xuan.jpg,,,
"('way', 754264564)",10.417262749999999,106.97136363054858,Lăng Ông Thủy Tướng,place_of_worship,vietnamese,1911,vietnamese_folk,https://cdn3.ivivu.com/2022/11/Anh-1-1618721507.jpg,,,
,10.480479187530538,106.76300671903466,Đình Dương Văn Hạnh,place_of_worship,vietnamese,1864,vietnamese_folk,https://lh3.googleusercontent.com/gps-cs-s/AG0ilSxdEd6rRswPpZ2DkaYf2lnHSCVfRVQq98AEXjeWbUWnAB66J_V29tOnIF8YC5YZeQ7tnt78s-Ummr4IYzhgbk194S6po0i-3upRXYdTzMQdYTgEIKpVrAFduAGk0BDPF9T9VkRj=s1360-w1360-h1020-rw,,,
"('way', 1389035107)",10.64766615,106.78680995288772,Đình Bình Khánh - Mộ Tiền hiền Trần Quang Đạo,place_of_worship,vietnamese,,vietnamese_folk,https://lh3.googleusercontent.com/gps-cs-s/AG0ilSwl5-qRUBWR_jXqx94cC3Y7-YeEiNN47qmOkKuN7ywpOO3Pq1_M_FxL9W6TS7Dpw9odG2BrOLahS_RNHuGkKdpnT14crbKJq6t7m0sG3YVGU98zzuitXx2RTEvFlAKjikdRIh8tOQ=w408-h306-k-no,,,
"('way', 1064336014)",10.710742450000001,106.65362730000001,Đình Phú Lạc,place_of_worship,vietnamese,1852,vietnamese_folk,https://lh3.googleusercontent.com/gps-cs-s/AG0ilSyUXPxS6wXZQAgn2beyN4zxHc7eutSBtho6mYOsxXv-JC9d73j-HZya8BVFR0odt81y1SmrnDexfs5K92oXFlGAwosZPwShujHE6Md2byXa1CNabi6BBgf1xou0S37LgIZirtyFbYqtU_NI=s1360-w1360-h1020-rw,,,
"('way', 407413903)",10.66879535,106.56807776241035,Đình Bình Trường,place_of_worship,vietnamese,1818,vietnamese_folk,https://upload.wikimedia.org/wikipedia/vi/4/49/Congdinh.jpg,,,
"('way', 604845950)",10.7994694,106.74176159999999,Đình An Phú,place_of_worship,,1900,vietnamese_folk,https://lh3.googleusercontent.com/gps-cs-s/AG0ilSzSsms4C9cVP8X7VyuW3ydaKZf0m-PYaXIaTKhg9-WdqWnRkiEHOOLPaXXkw_IcYZFOgKd-Tt2bKHFWrRMLOyl-n4Rmzf5s4nI0O5Qtaaer8CbJvRu7AoigollCKl-ehLU0PA62=s1360-w1360-h1020-rw,,,
"('node', 4603007782)",10.8026983,106.7512806,Pháp viện Minh Đăng Quang,place_of_worship,,1968,buddhist,https://lh3.googleusercontent.com/gps-cs-s/AG0ilSxf5phy6GvBEQP5Z4GCEB6VNatgS1W31g3Rw1PzhlQz3Yit3enjE9xj-qbZ0tTNqZpm6-p9XLbaS6agDWf7AF1JmP2UrknZuC0WfK9bx4gjTWxSzAAkDcgJSO1Zz3w9vFdbtTEF=s1360-w1360-h1020-rw,,,
"('way', 691227614)",10.72343835,107.22279702984092,Chùa Phước Long,place_of_worship,,1965,buddhist,https://i1-vnexpress.vnecdn.net/2018/07/17/chuaphuoclong-2-1531825515.jpg?w=1200&h=0&q=100&dpr=1&fit=crop&s=Y1tTQoe9INrWc3YD85y-Rw,,,
"('way', 589315586)",10.84359165,106.76316395,Chùa Nam Thiên Nhất Trụ,place_of_worship,,1977,buddhist,"https://ik.imagekit.io/tvlk/blog/2023/09/go-and-share-chua-nam-thien-nhat-tru-2.webp?tr=q-70,c-at_max,w-1000,h-600",,,
"('way', 321938412)",10.851830799999998,106.75705167754069,Giáo xứ Thủ Đức,place_of_worship,,1879,christian,https://giothanhle.net/wp-content/uploads/2016/10/nha-tho-thu-duc.jpg,,,
,10.808898637875734,106.85321587276569,Bảo Tàng Áo Dài,museum,vietnamese,2014,none,https://baotangaodai.com.vn/image/catalog/New%20EG/15161.jpg,,,
,10.753250751751624,106.66117158971338,Thất Phủ Thiên Hậu Cung,place_of_worship,,1760,buddhist,https://www.vietnamairlines.com/~/media/SEO-images/2025%20SEO/Thay%20Anh%20Traffic%20Tieng%20Viet/chua%20ba%20thien%20hau/chua-ba-thien-hau-xay-dung-mai-am-duong-cham-tro-cau-ky-tinh-xao,,,
"('way', 1336757608)",10.84206775,106.64961915,Đình An Hội,place_of_worship,,1900,vietnamese_folk,https://blogger.googleusercontent.com/img/b/R29vZ2xl/AVvXsEj0zKB3L3BX_-lRcYDnGt8ILDFl48yCVqRtbgJ0Crt5fj9u3VjhLzz_Pl4inSIPTGe-WBmtXtRg6_qXa2OgkG3OfqNNOW089pWyOCpyQZp3jiQQjwmgGK-vBYrrIMZoO2oTkio15OBw2eyZ6jqAM8UIlbjqEbh8riGifN3gfQb1Dm27ZwMx3hdkX69MJJA/w480-h640/1714661226285anhoi.png,,,
,10829761563421300,10669151854637500, Miếu Sa Tân ,place_of_worship,,,vietnamese_folk,https://images2.thanhnien.vn/528068263637045248/2025/6/7/mieu-sa-tan-17492745686022022081900.jpg,,,
,10.812594705970437,106.69461175226597,Chùa Sắc Tứ Tập Phước,place_of_worship,,,buddhist,https://upload.wikimedia.org/wikipedia/commons/thumb/0/05/Ch%C3%B9a_T%E1%BA%ADp_Ph%C6%B0%E1%BB%9Bc.jpg/500px-Ch%C3%B9a_T%E1%BA%ADp_Ph%C6%B0%E1%BB%9Bc.jpg,,,
,10.760320962521504,106.57502271481474,Chùa Long Thạnh,place_of_worship,,1740,buddhist,https://chonthieng.com/data/uploads/2022/10/CHUA-LONG-THANH-BINH-TAN-TPHCM-6-640x426.jpg,,,
"('way', 717669406)",10.75838525,106.60635905000001,Đình Bình Trị Đông,place_of_worship,,1853,vietnamese_folk,https://lh3.googleusercontent.com/gps-cs-s/AG0ilSyNwsI-FCymUGvV4CEGQFhh-Oat1l3VcWPfuYfoU-TSZ0D4v5nIe-MGus_oEV8vhkYuhQRnx5DrVfC6EZ2e0-9Mv3cH_gVCYeW8iiMU_DHFXsW3Ef7OSo0FL5uCDmn51QmtKh0hvw=s901-k-no,,,
,10.791357125416127,106.60419155730276,Giáo xứ Bình Thuận (Bình Tân),place_of_worship,,1966,christian,https://tgpsaigon.net/Images/Parish/giao-xu-binh-thuan-15052020_092831.JPG,,,
,10.752436274988844,106.67617626597202,Giáo xứ Thánh Phaolô (Bình Tân),place_of_worship,,1961,christian,https://lh3.googleusercontent.com/gps-cs-s/AG0ilSx60Pic-opKfKAOo8fQEv7-GNV2WEpa7q3ucSL4uqQb-frui76BBylptNEKHm1VPkBQ0WRwzlcl5qN7sYSYCpsxJnn3Qk29pPICb3R4f44mkzJidUv1w0y65ZJS3sH3Iw1cIlKlO8hIxEI=s1024-v1,,,
,10.780793700158094,106.61590496107476,Giáo xứ Thiên Ân,place_of_worship,,2001,christian,https://tgpsaigon.net/Images/Parish/giao-xu-thien-an-15052020_101445.JPG,,,
,10.793497434123566,106.61964171074689,Giáo xứ Tân Thái Sơn,place_of_worship,,1956,christian,https://lh3.googleusercontent.com/gps-cs-s/AG0ilSyibZn-1GcXl2vl-Mu1DBqk5u-jYb538zWfYYETfUwt6xI94eyjKwbP0IbZuQS56HfrbVC49xUWZudEMwfxuYM-QdOz6pC_sODtbxSQSLLY1jKc8FzMH0DWbqOTh087YX2Cp1Gjew=s1024-v1,,,
,10.791340528928261,106.63513978179796,Giáo xứ Tân Phú,place_of_worship,,1963,christian,https://tgpsaigon.net/Images/Parish/giao-xu-tan-phu-15052020_093540.JPG,,,
,10.788095229546396,106.65053369729922,Giáo xứ Phú Trung,place_of_worship,,1974,christian,https://tgpsaigon.net/Images/Parish/giao-xu-phu-trung-21052020_125019.JPG,,,
,10.7742438,106.63047834927225,Giáo xứ Phú Thọ Hòa,place_of_worship,,1965,christian,https://lh3.googleusercontent.com/gps-cs-s/AG0ilSwKxWnU5Ly7svimy8TRv0J3uSMf5f-fH2rhsCiauiR5tl33jDVct6x1E3vKvX5HRAu-2EMl11gGM5145dLuSBJNARo0eppPt6Cts6FMy1H52VuDhAMPuoobwtNR4CnAVb3fbE7RrO3LxBve=s1354-k-no,,,
"('way', 1309226747)",10.79506170385674,106.64908119451388,Giáo xứ Đắc Lộ,place_of_worship,,1958,christian,https://lh3.googleusercontent.com/gps-cs-s/AG0ilSxPO-gt4GWowe87KWE6ZfPn8dq_S6W6ICXHlMZDBWef02TjkQaU12Xx2orcKTef-WsC7H_5x9o7KRamggKJLSDhyrPfX0eAWW_XN5c7QobI8jCVMWBDzGLoNCL3v4QFEQxi9UMs=s1024-v1,,,
,10.84255475,106.69678917444853,Đình Hanh Phú,place_of_worship,,,vietnamese_folk,https://lh3.googleusercontent.com/gps-cs-s/AG0ilSzkx6dt2AzCae_XvX43e8swn2WtrOdTOMFyYkY77eYQIBENsUUiweWuJLL55f7-DuP4Uch-GcbcZbRwu7cjuVQRKTEAw-Sm-HB5V7p6L1Kr_wLkXOoj_Y0GBSZ0EiAQ4sIXCU74=s3072-v1,,,
"('way', 496910212)",10.82687565,106.61297740212134,Đền thờ Nguyễn Ảnh Thủ,place_of_worship,,1890,vietnamese_folk,https://lh3.googleusercontent.com/gps-cs-s/AG0ilSz0YD9erqRI2cplQoKdeLiCHfhmu4mGDl2VT-8MDpZ-svAbnJ4tmV2lnTkT8tTes-yAInclui8hqmW85KORQ2Uvi9WdCasPivh5jh95X799XtV24H0_kSP7LReg67ZzZiVyKZaH=s901-k-no,,,
"('way', 1447167711)",10.76583375,106.67167786888949,Chùa Ấn Quang,place_of_worship,,1948,buddhist,https://lh3.googleusercontent.com/gps-cs-s/AG0ilSwnaICsKBtD-HCPZjll5omUsL7dPJWH6RfkZO8FFps9SPZpBSx7XT6L7AzNniD0fCGYblaGjT-Fy73fqRJWnBDRStTywz2UYdLAT8-UgEN3RxI6f940yDbWzlnbFN_p2KPNCct34Q=s901-k-no,,,
"('way', 585932824)",10.602495,107.0626609,Chùa Từ Nghiêm,place_of_worship,,1955,buddhist,https://lh3.googleusercontent.com/gps-cs-s/AG0ilSwEzsF4QftT5TFde49kqzG2OO6XLwCOeDioMoCbSOMAmo_UR6VWiHC_Jpae3hgsj1H5eTGZkL88zWJFoXhHEMruJGQX8oH0LRpQ7BkJrzz2zDlE8cF5BgvOhbaZTjG5Fsgc6ZQX=s1354-k-no,,,
"('node', 5770166509)",10.735216341148988,106.63781577993818,Chùa Long Hoa (Quận 8),place_of_worship,,1958,buddhist,https://lh3.googleusercontent.com/gps-cs-s/AG0ilSwqDJZ9lCKAqcg5DUxmXiVRb6MQTx1B7XEZ9Xw_OBx5H3zfBygK7e3ZplFD-_TUFGiJmYTek3c6LjgjatX7Nr-EnxuFJXe5Az4b2QDM1tkN8quoYymB02cNtaUPsVwk3AJTsIoy=s1031-k-no,,,
,10.747586324596828,106.66892778142673,Chùa An Phú (Chùa Miểng Sành),place_of_worship,,1960,buddhist,https://lh3.googleusercontent.com/geougc-cs/AMBA38uhwDAHPzqhb9p5oUSBUq7IiAo2XYKQBN8wijjMNKTgYblU_ohtjdBThmeZX-JyBusfCfdtVDbO42GGGNufzuDZBxhe0jM_cETdXDrW8_gxbj4FG3Rpj1lpoOIJA5-X8QvP8uWlA0z4a57_=s1024-v1,,,
,10.752959944924465,106.63631189300163,Chùa Giác Hải (Quận 6),place_of_worship,,1887,buddhist,https://lh3.googleusercontent.com/gps-cs-s/AG0ilSxgRBFe62xUyBuMo9dx9hwjLdSzWzQAy1pvIHyWsPOdhSWZr2Y5vv1TD2EdqvVBvDYg2X8S9hGXxqlNdg9qjcDKgn3JNfkf5Hgy0BzszkOyg1wn-sNUDG5RElgHwdXq1lPzI6UL=s3072-v1,,,
,10.760739650435303,106.67356938844085,"Đình Hòa Bình, Công viên Hòa Bình",place_of_worship,,1972,vietnamese_folk,https://media.urbanistnetwork.com/urbanistvietnam/articleimages/2022/03/13/dinhhanquoc/dinhhanquoc1h.webp,,,
,10.7428703,106.61607778214355,Chùa Huệ Nghiêm,place_of_worship,,1962,buddhist,https://lh3.googleusercontent.com/gps-cs-s/AG0ilSxZNzF8Ha8mrrdWAvbgq5Q4fggP6KTaah0QP-k-PehJXGRy4xNlR9j486wtKt5lbbsDh1xOdou6UVOBgzx9iYq-zZ7yOmjZyBbINkPKy4yiQR75nENlB3LJNudrcrf-fnjzNSi2=s1024-v1,,,
"('way', 493155224)",10.75074148820402,106.65842756330763,Khu nhà cổ Hải Thượng Lãn Ông,place_of_worship,,,,https://nld.mediacdn.vn/QDgVqccccccccccccp8ccccccccccc/Image/2013/05/NewFolder-1/bontontphcm2_4a197.jpg,,,
,10.7595579,106.6960010152788,Đình Vĩnh Hội,place_of_worship,vietnamese,1820,vietnamese_folk,https://lh3.googleusercontent.com/gps-cs-s/AG0ilSxOEkFhwRJvKUIVHRzmxNX8gOo6wfmvHxARcAP8dZ9llH9MccLsmWWqETt5oKqHCa9ScrdSHeDIyFjt9Eugd4I7ieEX7do206VSPEEJO8c7L8VJz7kuosV4q0Wb24cJ__3ny87Z=s901-k-no,,,
"('way', 187949842)",10.7642378,106.70818691487378,Đình Khánh Hội,place_of_worship,vietnamese,1852,vietnamese_folk,https://lh3.googleusercontent.com/gps-cs-s/AG0ilSxxxrwCURxGBhBV3gNA8BiUQrhoZJ1ij0DWi1egF9ZeiA4erKs7xCi3j0VTYhudBWzpJ00IaUaETHTzG75bWo1w78yxpc9NOULGyEJKVpQiHbaUxZmeDNNgfTGQ8VHg0MunpY4=s1024-v1,,,
"('way', 683697157)",10.783693179566141,106.68763205922905,Bảo tàng Phụ nữ Nam bộ,museum,modernism,1985,,https://top9.com.vn/wp-content/uploads/2020/10/30BTphunu01JPG.jpg,,,
,10.779723530231266,106.69213905859283,Bảo tàng Chứng tích Chiến tranh,museum,contemporary,1975,,https://lh3.googleusercontent.com/gps-cs-s/AG0ilSzAYH00V0jht2ZkUmZ-BB7IDP1vZ4KhSqjRw4U0CLEtd1sJunQ8sPsjEOa0OFUlQSRBcWH6t3jW5FdEadxLE4I25vhK2KP2d8LW3I_jkrT0xp9YUk4E2Y1-3OJFJnl4uKXK04Z-=s1024-v1,,,
,10.78651705,106.68485975,Đình Xuân Hòa,place_of_worship,,1880,vietnamese_folk,https://lh3.googleusercontent.com/gps-cs-s/AG0ilSwLtqvFO60ZAzW1m4RBdFLBRY3qfgk_Kj1np7LojDMgImm_QdE6mLWMpM6hu1ktPWeuQi1lbuGKFOLHdYA8MfJiwXx_pN1iEx6HuNxXmTIuDv27jtjYxxxpiU9zyQwd2FJopVsr=s901-k-no,,,
"('way', 1381826602)",10.7555057021611,106.66186283784519,Miếu Bà Thiên Hậu Thánh Mẫu,place_of_worship,,1760,chinese_folk,https://lh3.googleusercontent.com/gps-cs-s/AG0ilSxHkquJcZvX7JxXF6ZKkZ-ubkPwic97cMtpEb9aik9UVPHcznePU5CKneDsiurM7GP0aB5HSn-IcBuH8_9vj0fGVJMrhhcl2w5vUoCsPJPJPej9wv1TVTSw8rRUjh5K4tW5pMdv=s901-k-no,,,
,10.775212998341653,106.6852851760254,Đình Phú Thạnh (Quận 3),place_of_worship,,,vietnamese_folk,https://lh3.googleusercontent.com/gps-cs-s/AG0ilSzradc5IUTMLabZgvrA6CDXDag-Ej1G8YbP86MbRyRROXWeMeaZHFCMJofRDCWMHqx-eXxGPtWskOs78CL0oXHSnM9Jmrqh5EcMScrpcW4A6_oEU-r3Nn6ZQ9PJZpyFFpN_a3l0=s1024-v1,,,
,10.781371037231107,106.69576868976725,Thủy đài (Quận 3),reservoir,french,1886,,https://www.traveleverywhere.vn/store/100/image/1713955794.jpg,,,
,10.777868,106.6863391,Chùa Xá Lợi,place_of_worship,,1958,buddhist,https://lh3.googleusercontent.com/gps-cs-s/AG0ilSxdrKSUvPTsuxf6bxTYemngkjryEpA9fYpeGFV0MyK8DH8mcYU8nIjHFW-MqZLX3om4Y8am9djhuDJRHBEYLK1a8IR6lXkuw26ViPIgQgKYdN6SXWCGoTOeyCbPKuz9WzUfRP0i=s1024-v1,,,
,10.7805644,106.6998246,Đường sách Nguyễn Văn Bình,institution,,2016,,https://encrypted-tbn0.gstatic.com/licensed-image?q=tbn:ANd9GcQQaQEWuV6qmCs6z5g8orNW3OXPXPEzmPkHcRMiyN1gp7rYeb8P6TXCexVy0mPr4osa8mYPaDo7cj8kKRxM43cQL_OT1qCz_jSGCs2najM1D0Ec1k4,,,
,10.7768949,106.7025025,Khách sạn Continental Saigon,institution,french,1880,,https://pix8.agoda.net/hotelImages/109/10972/10972_14012411520018144641.jpg?ca=2&ce=1&s=1024x,,,
,10.7698554,106.7063881,Cột cờ Thủ Ngữ,institution,french,1865,,https://soxaydung.hochiminhcity.gov.vn/documents/20142/22190712/cotcokhanhthanh-1609728147141856641072.jpg/bd28ad88-9795-9c6a-0667-17c6de0e2ffc?t=1609753747900,,,
,10.7747441,106.7010053,"130 Pasteur, Bến Nghé, Quận 1",institution,modernism,,,,,,
,10.7701603,106.7039075,Đại học Ngân hàng (Cơ sở chính),institution,modernism,1976,,https://tuyensinh.hub.edu.vn/hinh_buh/UploadFile//images/20220310230316-10102.jpg,,,
,10.777592,106.686572,Cư xá 30 (Quận 3),institution,modernism,,,,,,
,10.7786963,106.6992181,Nhà sách Đức Bà Hoà Bình,institution,modernism,1995,christian,https://lh3.googleusercontent.com/gps-cs-s/AG0ilSwIzgquxyQ_cMnua_yjIi7qAnbFymeFz0YpJ3EnUqiQEQffIL9PDRJyd5TuN62CuiNeQ_YrKoHEheCyNuGP7epUPG3U2JFFkQSLOJkNHexP0avoMt946eMN6X0mO4i0IUgZYRCcsg=s901-k-no,,,
,10.8810041,106.7660661,Don Bosco Xuân Hiệp,place_of_worship,modernism,,christian,https://tgpsaigon.net/Images/Parish/P_Xuanhiep_TD.jpg,,,
,10.772075,106.6579018,Trường ĐH Bách Khoa (Cơ sở 1),institution,modernism,1957,,https://global-uploads.webflow.com/60af8c708c6f35480d067652/6299c649e615d1a3c8b61093_screenshot_1654244905.png,,,
,10.8473597,106.7639803,Giáo xứ Từ Đức,place_of_worship,modernism,1955,christian,https://encrypted-tbn3.gstatic.com/licensed-image?q=tbn:ANd9GcRPlMffeHMt2bCKkkyS70l2yoprM57P8J2OURsberjQfzh4iJis1CgH635V3Lt6wn8ZOkePR33SAfsaf1x4vDqkswsTaHIHyfBOceW6ifo-5MFmXdI,,,
,10.7521132,106.6653415,Rạp Lệ Thanh B,theatre,modernism,,,https://tse2.mm.bing.net/th/id/OIP.Z3yf-8mHYyCFsTRsEz2VcAHaLH?rs=1&pid=ImgDetMain&o=7&rm=3,,,
,10.7673179,106.6944188,Rạp Công Nhân,theatre,modernism,,christian,https://upload.wikimedia.org/wikipedia/commons/thumb/5/56/R%E1%BA%A1p_C%C3%B4ng_Nh%C3%A2n.JPG/960px-R%E1%BA%A1p_C%C3%B4ng_Nh%C3%A2n.JPG,,,
,10.7993915,106.7099648,Giáo Xứ Thánh Nguyễn Duy Khang (Bình Thạnh),place_of_worship,modernism,1955,christian,https://giothanhle.net/wp-content/uploads/2016/10/Nha-tho-thanh-nguyen-duy-khang-binh-thanh.jpg,,,
,10.7816458,106.6815551,Nhà thờ Kỳ Đồng,place_of_worship,modernism,1949,christian,https://cdn.xanhsm.com/2024/11/2245a3c1-nha-tho-ky-dong-01.jpg,,,
,10.7835135,106.7052214,Tu viện dòng Thánh Phaolô,place_of_worship,french,1864,christian,https://nhathoconggiaovietnam.com/storage/photos/1/D%C3%B2ng-Saint-Paul-v%C3%A0-d%E1%BA%A5u-%E1%BA%A5n-ki%E1%BA%BFn-tr%C3%BAc-Nguy%E1%BB%85n-Tr%C6%B0%E1%BB%9Dng-T%E1%BB%99-0-2048x1384.jpg,,,
,10.8712764,106.7917617,Trường Đại học Nông Lâm TP.HCM,institution,modernism,1955,,https://lh3.googleusercontent.com/gps-cs-s/AG0ilSxCclFlsd1G0jBa19WHii6KId89amdPen94DEboe2Hba9ERsGdSiCurH0kkz90IuoizVQx-Zw3H1BvbZCB6VPiOlYpJHnZvg9tUzF3pqqw6CfJMNU_QpoUesXxr2Nc_wXUk_VE=s1024-v1,,,
,10.7931999,106.7084353,Giáo xứ Thị Nghè,place_of_worship,"modernism, french",1790,christian,https://tgpsaigon.net/Images/Parish/P_Thinghe_GD.jpg,,,
,10.7799935,106.7034805,Idecaf - Viện trao đổi Văn hóa với Pháp,institution,modernism,1982,,https://lh3.googleusercontent.com/gps-cs-s/AG0ilSyS-gj1vxH4Sgu1xtlqVmBGncw2S9wYYfMB4FYBSyGA89yHzQvc0Z-p_9r2tdVi84wP5pQlJMCs6buigO3PEtc5dyInNfKii4EgPY9H6f1kBju7Y1BcIfPJnRMfFj2eH-paQ85P=s1224-k-no,,,
,10.7667302,106.6886914,Chợ Thái Bình,institution,modernism,,,https://upload.wikimedia.org/wikipedia/commons/7/7b/Ch%E1%BB%A3_Th%C3%A1i_B%C3%ACnh_%2C_qu%E1%BA%ADn_1%2C_HCM_-_panoramio.jpg?20161126013436,,,
,10.7524216,106.6685424,Trung Tâm Văn Hóa Quận 5,institution,modernism,1937,,https://lh3.googleusercontent.com/gps-cs-s/AG0ilSyfjU979xPkz7syNc7FIuneLZmleOFSZD65lpbtgBeLhS3naucNjANcuf-FtGDop35atABXNYU7LVncp58Mo1S_lTlM4Wd2c0QIMn1hyYRuwQs6H9wsUnLu9sz8X6otD7Hen-b0=s1024-v1,,,
,10.7526606,106.6789164,Bệnh viện Bệnh Nhiệt đới TPHCM,hospital,modernism,1861,,https://lh3.googleusercontent.com/p/AF1QipO93qtYx3dcyhD8Op3zqt6VQTAkB66pMk728vvR=s3072-v1,,,
,10.7758454,106.7012646,Khách sạn Rex,institution,modernism,1927,,https://www.rexhotelsaigon.com/wp-content/uploads/sites/174/2017/08/DSC01288-1-FINISH.jpg,,,
,10.7530967,106.6717936,Khách sạn Đồng Khánh,institution,modernism,1962,,https://q-xx.bstatic.com/xdata/images/hotel/max1024x768/41180992.jpg?k=57792ff98bb76eace0a9a46e26221479be83f333cc9ae8f03a572d851717e7ac&o=&s=1024x,,,
,10.7578646,106.6595131,Bệnh viện Chợ Rẫy,hospital,modernism,1900,,https://upload.wikimedia.org/wikipedia/commons/thumb/a/a7/C%E1%BB%95ng_b%E1%BB%87nh_vi%E1%BB%87n_Ch%E1%BB%A3_R%E1%BA%ABy_2016.jpg/1600px-C%E1%BB%95ng_b%E1%BB%87nh_vi%E1%BB%87n_Ch%E1%BB%A3_R%E1%BA%ABy_2016.jpg,,,
,10.7744445,106.7036769,Khách sạn Palace Sài Gòn,institution,modernism,1968,,https://encrypted-tbn1.gstatic.com/licensed-image?q=tbn:ANd9GcSh8gigBElS9VLcKyZSKi6Ozpb86jO3TMpBj__PQrbWuNlthg1lDto9FmRJTGYPUvZDCXzmP9PbeHHPeDUbOXSM1eVnbaiyFk9V-Kr-imQ-2CRgugU,,,
,10.7762617,106.7036128,Khách sạn Caravelle Sài Gòn,institution,modernism,1959,,https://encrypted-tbn1.gstatic.com/licensed-image?q=tbn:ANd9GcQYbGB_Uml6Ohz5vO9tUIPeNg-Er4opWnMrA6ki_HxKkDLj_QKVk7iFmezNf2ODru-tf3pV-FVqd7SsLa51UCvgBH3yU_lxbrctJuoGpUu_Zsq2_Nw,,,
,10.8550016,106.7772819,Nhà Máy Nước Thủ Đức,institution,modernism,1966,,https://encrypted-tbn1.gstatic.com/licensed-image?q=tbn:ANd9GcTqKb9fMh6dONdVd5bPYEDR90sHlY2kcI4oMc8_PzoCPK1Bibun0mc4uVBGIEg3OCZZNztca0cNmRLitBspC4H6BuyFg4n1cP5CWdUPTkxuLuyMk4c,,,
,10.8028511,106.6789518,Giáo xứ Phát Diệm,place_of_worship,modernism,1955,,https://tgpsaigon.net/Images/Parish/P_Phatdiem_PN.jpg,,,
,10.7750092,106.6865141,Nhà thiếu nhi Quận 3,institution,modernism,1975,,https://nhathieunhitphcm.com.vn/images/ntntphcm/gioithieu/ntntp_01.jpg,,,
,10.750223,106.659248,Bưu điện Quận 5,institution,french,,,https://lh3.googleusercontent.com/gps-cs-s/AG0ilSxKHPN2n2mNoOieG9kGgO2rBM4VtTJVjACTbCQxsGlnTRGYcCG6fVKJHWD5158kq7G8EiXKP67GP3z1_fXhvbEsLpAQNC4AQj3a50CLMbbPkRelo4mdyrduPYIJoEYxxB1pbvCR1ot7cU5H=s1024-v1,,,
,10.7819872,106.6944895,Trường Đại học Kiến trúc TPHCM,institution,modernism,1976,,https://lh3.googleusercontent.com/gps-cs-s/AG0ilSyaL8ulynMYK2yyIrTlgRsuQlDABCQwsEDODfjZ1hSV_mgeiAUTfZcQgXMmb6K0wx-g2gClP-ALOceYnE6eirlyi2I4EnBzKR6aS2noJWhbaRvtuOO_ghIQQ1lWSX_n4JxqdukuVr2sLnE=s1354-k-no,,,
,10.7773572,106.6693896,Khám Chí Hòa,institution,french,1943,,https://upload.wikimedia.org/wikipedia/commons/thumb/9/9c/Nh%C3%A0_T%C3%B9_Ch%C3%AD_H%C3%B2a%2C_%C4%91%E1%BA%A7u_n%C4%83m_2016.jpg/2560px-Nh%C3%A0_T%C3%B9_Ch%C3%AD_H%C3%B2a%2C_%C4%91%E1%BA%A7u_n%C4%83m_2016.jpg,,,
,10.7753398,106.6576633,Bưu điện Trung tâm Phú Thọ,institution,modernism,,,https://zador.vn/wp-content/uploads/2022/11/buu-dien-phu-tho-quan-10-1.jpg,,,
,10.7727782,106.7061879,Khách sạn Majestic Saigon,institution,french,1925,,https://lh3.googleusercontent.com/gps-cs-s/AG0ilSxWWbNuuCLLh6-CY_Y6vhH5Mwl_QNMiuaW8CZq6d1LDpyDctp2PVaPAnclHIDlJRQaJ3bBtnXpzCC9EmtGEMzx4VbiGNh9_IvMK0GxDGe3YrNEBFtbiQdBrTGhb1BPbeqsLYBNt=s1354-k-no,,,
,10.7684837,106.6853651,Bệnh viện Từ Dũ,hospital,modernism,1937,,https://www.tudu.com.vn/data/image/227.jpg,,,
,10.7721693,106.6993921,Bệnh viện Đa khoa Sài Gòn,hospital,french,1914,,https://lh3.googleusercontent.com/p/AF1QipNa_ZL7n8ey9AG8vgjXgbjK_8vI_gTghW12s-TN=s3072-v1,,,
,10.7559576,106.6450799,Chùa Phụng Sơn,pagoda,vietnamese,1802,buddhist,https://lh3.googleusercontent.com/pw/ACtC-3cqZQysi7wzNhF18KaRL76FrTpFkNwULnCoErtBQIyXb7qzIto0YSeHlWC4PxgClscfVzpxJJAKjPCNkrUa0Xn4u5pzCPLdt-rseHTxaATMH9KyX-ymEh86bOrnoDy2oRiTMVSirruOzA4m1yQV4Y6H=w868-h652-no,,,
,10.776539,106.7009132,Ủy ban nhân dân TPHCM,institution,"baroque, roccoco, art_nouveau",1909,,https://encrypted-tbn2.gstatic.com/licensed-image?q=tbn:ANd9GcQckjcx9dN7GU8qzmQkBzMYmYVVOv8fxhTZFD5pTj73XGErGSGEgZTpCsHHAL8q5W4ER564UnF0LSC3SEqInJi35UWTkpQSaX53FMbOhtLLKTNxDI8,,,
,10.7570129,106.6659704,Bệnh viện Phạm Ngọc Thạch,hospital,french,1906,,https://lh3.googleusercontent.com/gps-cs-s/AG0ilSzfggcOC11LN6gyXvcyMCDETJmm5IqscoRIZVIognQ6goeAMx6XRr_h-xzT8UzBb1Ll5_RRMN3_O_92EeKCRkiU4D1WgmZhWs41uuJjKamSmV9aS4nKdW-BD3iPSx5CeQOjS3A=s1024-v1,,,
,10.7777163,106.7009774,"Sở Công thương, Sở Thông tin – Truyền thông TPHCM",institution,french,1860,,https://nvcs.vn/upload/files/so-cong-thuong-tphcm.png,,,
,10.768402664568208,106.70182299541979,Sở Giao dịch Chứng khoán TPHCM,institution,french,1928,,https://lh3.googleusercontent.com/gps-cs-s/AG0ilSwal2dDBKfjUpGMjrId2nqrkMLcR7kozYLqlGZN3cEfsQ_w0QX-FVEKK-aRit9m3cLCRJXGNlQalJhqTERUZIXEZ3oGeHK86X6pV0RuUw7kQs_MplqcKKr0X_gQ4Fflv6knmKYCAg=s901-k-no,,,